,Asset Name,Asset Type,Asset Name: Address,Asset Size SQF,Asset Name: Date Built,Custom: Assessment Date,Asset Name: Current Replacement Value,Current Needs Value,Asset Name: Current FCI,Type of assessment
2,703 HIGHWAY 8 (ALECTRA UTILITIES),Work Yards & Maintenance,703 HIGHWAY 8,31411,1986-04-26,,12828450.29,972839.51,0.07583453090653867,Model
3,ALEXANDER PARK - FIELDHOUSE,Park Facilities - Public Use,201 WHITNEY AVENUE,1954,1973-01-02,2017,395826.67,39145.35,0.09889518055971316,Audit
4,ALEXANDER PARK WADING POOL UTILITY BUILDING,Outdoor Pools,201 WHITNEY AVENUE,72,2011-01-01,2017,14585.22,0,0,Audit
5,ANCASTER AQUATIC CENTRE (P),Indoor Pools,47 MEADOWBROOK DRIVE,19067,1982-01-02,2020,13716984.75,304172.85,0.02217490618701752,Audit
6,ANCASTER COMMUNITY CENTRE PARK - FIELDHOUSE,Park Facilities - Public Use,385 JERSEYVILLE ROAD WEST,1112,1996-01-02,2011,225260.62,18695.65,0.08299564300231439,Audit
7,Ancaster Community Centre Park - Sun Shelter,Park Facilities - Public Use,385 Jerseyville Rd. W.,800,1996-03-15,,74631.12,30668.56,0.41093527740170593,Model
8,ANCASTER LIONS OUTDOOR POOL,Outdoor Pools,263 JERSEYVILLE ROAD WEST,10526,1992-01-02,2018,3101986.94,448382.5200000001,0.14454687549393747,Audit
9,ANCASTER LITTLE LEAGUE PARK - CONCESSION & CHANGEROOM,Park Facilities - Public Use,286 JERSEYVILLE ROAD WEST,1099,1971-01-02,2017,450518.89,47584.05,0.10562054345823324,Audit
10,ANCASTER LITTLE LEAGUE PARK - CONCESSION WASHROOMS,Park Facilities - Public Use,286 JERSEYVILLE ROAD WEST,1099,2011-01-01,,222627.18,2332.05,0.01047513605481595,Model
11,ANCASTER MEMORIAL ARTS CENTRE,Administration Facilities,357 WILSON STREET EAST,14182,1947-01-01,,8282617.02,2126278,0.25671572099321815,Model
12,ANCASTER OPERATIONS CENTRE - MAIN BUILDING (F),Work Yards & Maintenance,501 SHAVER ROAD,21860,1995-01-02,2018,8695848.98,993009.34,0.11419348959300808,Audit
13,ANCASTER OPERATIONS CENTRE - NORTH GARAGE,Work Yards & Maintenance,501 SHAVER ROAD,8091,1983-01-02,2018,3741484.72,322106.98,0.08609068434201703,Audit
14,ANCASTER OPERATIONS CENTRE - SALT / SAND STORAGE,Work Yards & Maintenance,501 SHAVER ROAD,4816,2006-01-01,2018,1409879.18,133608.52,0.09476593590097557,Audit
15,ANCASTER SENIORS ACHIEVEMENT CENTRE,Senior Centres,622 ALBERTON ROAD SOUTH,14377,1969-01-02,2018,6272035.26,709164.5,0.11306768387013182,Audit
16,ANCASTER SQUARE (L & MSC),Libraries,300 WILSON STREET EAST,17678,1996-01-02,2021,11962518.75,98023.71,0.008194236686149395,Audit
17,ANCASTER THEATRE (OLD FIREHALL),Administration Facilities,334 WILSON STREET EAST,4971,1960-01-02,2019,2749003.27,218314.58,0.07941590407784418,Audit
18,ANDY WARBURTON MEMORIAL PARK - UTILITY BUILDING,Park Facilities - Public Use,199 TRAGINA AVENUE NORTH,688,1985-09-20,2017,139369.88,22131.519999999997,0.15879700836364355,Audit
19,BARTON COMMUNITY HUB (CARPENTER'S SHOP),Work Yards & Maintenance,200 CAROLINE STREET NORTH,13453,1950-01-02,2020,6586373.55,290259.14,0.044069644364462146,Audit
20,BARTON LIBRARY,Libraries,571 BARTON STREET EAST,7612,1999-01-02,2021,5855204.45,594743.28,0.1015751516584532,Audit
21,BATTLEFIELD - PARK PAVILION (H),Park Facilities - Public Use,77 KING STREET WEST,3350,2004-01-02,2018,678617.88,11772.720000000001,0.017348084020421036,Audit
22,BAYFRONT PARK - CONCESSION,Park Facilities - Public Use,200 HARBOUR FRONT DRIVE,693,2002-08-28,2017,140382.74,2111.78,0.015043017396583086,Audit
23,Bayfront Park - Storage Bldg West Of Yacht Club,Park Facilities - Maintenance & Storage,202 Harbour Front Drive,455,1985-09-20,2017,92170.49,0,0,Audit
24,Bayfront Park - Storage Building,Park Facilities - Maintenance & Storage,200 Harbour Dr.,200,2017-06-16,,24909.52,0,0,Model
25,BAYFRONT PARK - WASHROOMS,Park Facilities - Public Use,201 HARBOUR FRONT DRIVE,2600,1960-01-02,2017,526688.5,0,0,Audit
26,Bayfront Park - Yacht Club Bldg,Park Facilities - Public Use,80 Harbour Front Dr.,3813,1960-01-02,2019,733453.43,19657.45,0.026801224448565194,Audit
27,BAYFRONT YARD - MAIN BUILDING,Work Yards & Maintenance,215 HARBOUR FRONT DRIVE,7865.06,2021-04-08,,3212140.05,0,0,Audit
28,Beach Strip Open Space - Washroom Utility Bldg For Trail System,Park Facilities - Public Use,1151 Beach Blvd.,1827,2008-09-22,2019,370099.96,10771.35,0.029103893985830204,Audit
29,BEASLEY COMMUNITY CENTRE,Community Centres,145 WILSON STREET,5750,2010-11-24,2022,3566892.9,3009.97,0.0008438632962598905,Audit
30,BEASLEY PARK - PAVILION,Park Facilities - Public Use,96 MARY STREET,290,2018-01-01,,58746.03,0,0,Audit
31,BELVIEW PARK - WASHROOM,Park Facilities - Maintenance & Storage,205 BELMONT AVENUE,365,1968-01-02,2017,73938.96,32142.74,0.43471993655307023,Audit
32,BENNETTO COMMUNITY CENTRE (P),Indoor Pools,450 HUGHSON STREET NORTH,30435.62,1970-01-02,2018,25797977.18,1348067.86,0.052254789226075286,Audit
33,BERNIE COURT YARD - BARN,Work Yards & Maintenance,308 RYMAL ROAD EAST,8866,2004-01-02,2018,3634486.37,563045.18,0.15491740033681844,Audit
34,BERNIE COURT YARD - BUTLER BUILDING,Work Yards & Maintenance,308 RYMAL ROAD EAST,665,1968-01-02,2018,82824.15,2035.84,0.02458027036800257,Audit
35,BERNIE COURT YARD - GARAGE,Work Yards & Maintenance,308 RYMAL ROAD EAST,10576,1993-01-02,2018,3186133.16,221554.76,0.06953719410773151,Audit
36,BERNIE COURT YARD - MAIN BUILDING (F),Work Yards & Maintenance,308 RYMAL ROAD EAST,20720,1989-01-01,2018,8126839.84,852046.24,0.10484348858534906,Audit
37,BERNIE COURT YARD - SALT STORAGE,Work Yards & Maintenance,308 RYMAL ROAD EAST,4880,1994-01-02,2018,1428615.12,1174228.62,0.8219348959431425,Audit
38,BERNIE COURT YARD - SAND STORAGE,Work Yards & Maintenance,308 RYMAL ROAD EAST,4796,2010-01-02,2018,391535.85,263766.4,0.6736711338182698,Audit
39,BERNIE MORELLI RECREATION CENTRE (P),Indoor Pools,876 CANNON STREET EAST,54895,2018-09-04,2020,36418896.53,45873.08,0.0012595955498600057,Audit
40,BERRISFIELD PARK - ICE HUT,Park Facilities - Public Use,125 BIRCHCLIFFE CRESCENT,688,2002-01-02,2017,139369.88,0,0,Audit
41,BEVERLY ARENA,Arenas,680 HIGHWAY 8,32297.53,1978-01-02,2015,18897904.92,5606799.42,0.2966889421729612,Audit
43,BEVERLY COMMUNITY STORAGE GARAGE,Park Facilities - Maintenance & Storage,680 HIGHWAY 8,2664,1975-01-02,2019,539653.14,58855.36,0.10906146121933062,Audit
44,Beverly Park - Pavilion,Park Facilities - Public Use,680 Hwy #8,1332,1975-01-02,2019,124260.81,4059.5599999999995,0.0326696727632791,Audit
45,Beverly Park - Scorekeeper Booth,Park Facilities - Public Use,680 Hwy 8,266,2008-01-01,2019,53884.29,3498.07,0.0649181793060649,Audit
46,Beverly Park - Small Sun Shelter,Park Facilities - Public Use,680 Hwy 8,385,2009-01-01,2019,47950.83,0,0,Audit
47,Beverly Park - Washrooms - Located North West Corner Of Parking Lot,Park Facilities - Public Use,680 Hwy 8,300,1985-01-02,2019,60771.75,4877.92,0.08026624212730422,Audit
48,BEVERLY PARK CONCESSION,Park Facilities - Public Use,680 HIGHWAY 8,600,1968-01-02,2019,121543.5,0,0,Audit
49,BEVERLY TOWNSHIP HALL (ROCKTON HALL) (H),Community Centres,795 OLD HIGHWAY 8,3995,1980-01-02,2022,809277.14,86518.62,0.1069085183846908,Audit
50,BIINDIGEN COMMUNITY HUB (SAINT HELEN'S),Administration Facilities,785 BRITANNIA AVENUE,35000,1953-10-19,2019,15754847.5,3603496.17,0.22872301175876186,Audit
51,BILL FRIDAY LAWFIELD ARENA,Arenas,150 FOLKESTONE AVENUE,31183,1979-01-02,2015,21192356.59,1268847.61,0.05987288882250731,Audit
52,BILL SIMONE HALL (OLD BEASLEY),Community Centres,133 WILSON STREET,2456,1998-01-02,2022,1523528.52,77470.65,0.05084949115360177,Audit
53,Billy Sherring Park - Sunshelter Washroom Building,Park Facilities - Public Use,1530 Upper Sherman Ave.,1405,2002-01-02,2017,284614.36,15394.03,0.054087327146810166,Audit
54,BINBROOK LIBRARY,Libraries,2641 REGIONAL ROAD 56,6000,2018-01-02,2022,4615242.6,0,0,Audit
55,BINBROOK MEMORIAL HALL (H),Community Centres,2600 HIGHWAY 56,7596,1924-01-02,2004,3113868.54,516306.17,0.1658085957604363,Audit
56,Binbrook Park - Ball Park Washroom,Park Facilities - Public Use,2651 Hwy #56,250,1983-01-02,2019,50643.13,39064.44,0.7713670146375234,Audit
57,BINBROOK YARD - MAIN BUILDING (F),Work Yards & Maintenance,2111 BINBROOK ROAD,5508,1969-01-02,2018,2249501.9,1068110.23,0.47482077254524657,Audit
58,BINBROOK YARD - SALT / SAND STORAGE,Work Yards & Maintenance,2111 BINBROOK ROAD,2539,2004-01-02,2018,207278.88,34376.51,0.16584666030615372,Audit
59,BINBROOK YARD - STORAGE BUILDING,Work Yards & Maintenance,2111 BINBROOK ROAD,130,1969-01-01,2018,26334.43,0,0,Audit
60,BIRGE OUTDOOR POOL,Outdoor Pools,167 BIRGE STREET,700,2016-01-02,2018,206288.32,0,0,Audit
61,Bobby Kerr Park - Storage - 2 Structures Side By Side,Park Facilities - Maintenance & Storage,100 Reno Ave.,383,1968-01-02,2017,77585.27,6264.93,0.08074896175524039,Audit
62,BRAMPTON YARD - MAIN BUILDING (F),Work Yards & Maintenance,2200 BRAMPTON STREET,3464,1989-01-02,2018,2812188.13,2107963.25,0.7495811633341899,Audit
63,BRAMPTON YARD - QUONSET,Work Yards & Maintenance,2200 BRAMPTON STREET,1656,1989-01-02,2018,676320.83,454922.32,0.672642775175208,Audit
64,BRAMPTON YARD - SALT STORAGE,Work Yards & Maintenance,2200 BRAMPTON STREET,4796,1989-01-02,2018,1404024.2,238912.8,0.17016287895892393,Audit
65,Bruce Park - Washrooms / Changerooms,Park Facilities - Public Use,145 Brucedale Ave. E.,1903,1969-01-02,2017,385495.47,40764.44,0.10574557464968397,Audit
66,BUCHANAN PARK - ICE HUT,Park Facilities - Maintenance & Storage,111 COLUMBIA DRIVE,125,2011-01-02,2017,25321.56,0,0,Audit
67,Buchanan Park - Pavilion,Park Facilities - Public Use,111 Columbia Dr.,200,2016-01-01,2017,18657.78,0,0,Audit
68,Buchanan Park - Washroom And Changeroom Facility,Park Facilities - Public Use,111 Columbia Dr.,1959,1968-01-02,2017,396839.53,73328.47,0.18478116330800007,Audit
69,Bullocks Corner Park - Storage / Concession,Park Facilities - Public Use,40 Park Ave.,280,1954-01-02,2017,56720.3,26749.19,0.47159817560908524,Audit
70,BULLOCKS CORNER PARK - WASHROOM & STORAGE BUILDING,Park Facilities - Public Use,40 PARK AVENUE,1367,1971-01-02,2017,276916.61,34985.2,0.12633839479690293,Audit
71,CARLISLE COMMUNITY CENTRE & ARENA,Arenas,1496 CENTRE ROAD,33062,1982-01-02,2015,19345210.99,3597404.3599999994,0.18595839362308242,Audit
72,Carlisle Community Centre - Washrooms / Concession,Park Facilities - Public Use,1496 Centre Rd.,481,1982-01-02,2019,97437.37,59769.41,0.6134136214883469,Audit
73,CARLISLE LIBRARY,Libraries,277 CARLISLE ROAD,2188.89,2022-06-15,2015,1683709.73,0,0,Audit
74,CARLISLE MEMORIAL HALL,Community Centres,273 CARLISLE ROAD,4513,1925-01-02,2022,3621479.42,108591.31,0.02998534504995199,Audit
75,Carlisle Memorial Park - Storage For Grass Cutting Equipment,Park Facilities - Maintenance & Storage,1487 Centre Rd.,632,1976-01-02,2019,128025.82,15219.26,0.11887648913320766,Audit
76,Carter Park - Washrooms / Storage,Park Facilities - Public Use,32 Stinson St.,333,1995-01-02,2017,67456.64,281.56,0.004173940474948056,Audit
77,Cathedral Park - (Hamilton Water)Field House / Washrooms / Storage,Park Facilities - Public Use,707 King St. W.,1475,2002-01-02,2013,298794.44,0,0,Audit
78,Centennial Heights Park - 2nd. Flr Concession Booth / Lower Level Washrooms / Utility Room,Park Facilities - Public Use,12 Karendale Cres.,528,1981-01-02,2017,101563.97,58439.94,0.575400311744411,Audit
79,Centennial Heights Park - Pavilion,Park Facilities - Public Use,12 Karendale Cres.,1313,1968-01-02,2017,122488.33,0,0,Audit
80,CENTRAL MEMORIAL RECREATION CENTRE (P),Indoor Pools,93 WEST AVENUE SOUTH,22559,1900-01-01,2018,16229163.42,1372189.9,0.08455087082979167,Audit
81,Central Park - Pavilion,Park Facilities - Public Use,168 Bay St. N.,695,2002-01-02,2017,140787.89,7123.71,0.050598883185194406,Audit
82,CENTRAL PUBLIC LIBRARY,Libraries,55 YORK BOULEVARD,185978,1984-01-02,2022,102263462.49,2345744.2,0.022938243463342372,Audit
83,CENTRAL SERVICES WORKSHOPS (BARTON YARD),Work Yards & Maintenance,125 BARTON STREET WEST,60631,1914-01-02,2019,17661883.06,1974193.4,0.11177706212261605,Audit
84,CHEDOKE GOLF - CLUBHOUSE,Golf Facilities,565 ABERDEEN AVENUE,12420,1972-01-02,2022,3635942.58,840178.1,0.2310757338747632,Audit
85,Chedoke Golf - Golf Shelter - 113753,Golf Facilities,565 Aberdeen Ave. E. - Golf Course,198,1964-01-02,2017,18471.2,1970.98,0.10670557408289662,Audit
86,Chedoke Golf - Pro Shop,Golf Facilities,565 Aberdeen Ave. E. - Golf Course,2974,1956-01-02,2017,602450.62,231360.19,0.38403179002455007,Audit
87,Chedoke Golf - Storage - 110526,Golf Facilities,565 Aberdeen Ave. E. - Golf Course,1217,1964-08-30,2017,151574.43,42235.75,0.27864693273133206,Audit
88,Chedoke Golf - Storage - 111373,Golf Facilities,565 Aberdeen Ave. E. - Golf Course,130,1964-08-30,2017,26334.43,9097.97,0.34547814401147087,Audit
89,Chedoke Golf - Storage - 111427,Golf Facilities,565 Aberdeen Ave. E. - Golf Course,771,1964-08-30,2017,156183.4,5222.339999999999,0.03343722828418385,Audit
90,Chedoke Golf - Storage - 121640,Golf Facilities,565 Aberdeen Ave. E. - Golf Course,195,1964-08-30,2017,39501.64,2815.71,0.07128083796014545,Audit
91,Chedoke Golf - Storage - 124650,Golf Facilities,565 Aberdeen Ave. E. - Golf Course,435,1964-08-30,2017,88119.04,18836.35,0.21376027246778903,Audit
92,Chedoke Golf - Washrooms - 114305,Golf Facilities,565 Aberdeen Ave. E. - Golf Course,548,1964-08-30,2017,111009.73,27332.11,0.24621364271402157,Audit
93,Chedoke Golf - Washrooms - 126793,Golf Facilities,565 Aberdeen Ave. E. - Golf Course,724,1964-08-30,2017,146662.49,56726.79,0.38678458275186794,Audit
94,Chedoke Golf - Washrooms / Storage - 125141,Golf Facilities,565 Aberdeen Ave. E. - Golf Course,396,1964-08-30,2017,80218.71,60337.25,0.7521593154514701,Audit
95,CHEDOKE OUTDOOR POOL,Outdoor Pools,90 WEST 25TH STREET,7834,1962-01-02,2018,2308661,147517.85,0.06389757959267299,Audit
96,CHEDOKE TWIN PAD ARENA,Arenas,91 CHEDMAC DRIVE,89421,1994-01-02,2021,44001731.27,2281939.73,0.051860226044237644,Audit
97,CHEDOKE YARD - GARAGE (F),Work Yards & Maintenance,161 STUDHOLME ROAD,15216,1979-01-02,2018,6359055.5,1277334.55,0.20086859597309695,Audit
98,CHEDOKE YARD - MAIN BUILDING,Work Yards & Maintenance,161 STUDHOLME ROAD,9947,1954-01-02,2018,4062417.47,2061871.8399999999,0.5075479945688595,Audit
99,CHEDOKE YARD - SALT STORAGE,Work Yards & Maintenance,161 STUDHOLME ROAD,2975,1989-01-02,2019,870928.28,93208.48,0.10702199267200278,Audit
101,Churchill Clubhouse - Former Lawnbowling Clubhouse,Park Facilities - Public Use,167 Cline Ave N,4568,1963-01-02,2017,1337277.43,158593.42,0.11859425459681916,Audit
102,Churchill Park - Cricket Club's Storage Buildings (2),Park Facilities - Maintenance & Storage,145 Cline Ave. N.,271,1990-01-01,2017,54897.15,5631.43,0.10258146370075678,Audit
103,Churchill Park - Garden Shed,Park Facilities - Maintenance & Storage,145 Cline Ave. N.,138,1985-01-02,2017,27955.01,3941.98,0.14101157538487735,Audit
104,Churchill Park - Small Storage Shed To East Of Main Bldg,Park Facilities - Maintenance & Storage,145 Cline Ave. N.,182,1985-01-02,2017,36868.2,8179.58,0.22186003113794545,Audit
105,Churchill Park - Sun Shelter 146886,Park Facilities - Public Use,255 Glen Rd.,109,1985-01-02,2017,5830.21,0,0,Audit
106,Churchill Park - Sun Shelter 151590,Park Facilities - Public Use,255 Glen Rd.,109,1985-01-02,2017,5830.21,0,0,Audit
107,Churchill Park - Sun Shelter 151631,Park Facilities - Public Use,255 Glen Rd.,109,1985-01-02,2017,5830.21,0,0,Audit
108,Churchill Park - Sun Shelter 151734,Park Facilities - Public Use,255 Glen Rd.,109,1985-01-02,2017,5830.21,0,0,Audit
109,Churchill Park - Sun Shelter 151867,Park Facilities - Public Use,255 Glen Rd.,109,1985-01-02,2017,5830.21,0,0,Audit
110,Churchill Park - Sun Shelter 151907,Park Facilities - Public Use,255 Glen Rd.,109,1985-01-02,2017,5830.21,0,0,Audit
111,Churchill Park - Sun Shelter 151982,Park Facilities - Public Use,255 Glen Rd.,109,1985-01-02,2017,5830.21,0,0,Audit
112,Churchill Park - Sun Shelter 152003,Park Facilities - Public Use,255 Glen Rd.,109,1985-01-02,2017,5830.21,147.81,0.025352431559069057,Audit
113,Churchill Park - Sun Shelter 152015,Park Facilities - Public Use,255 Glen Rd.,109,1985-01-02,2017,5830.21,0,0,Audit
114,Churchill Park - Sun Shelter 152035,Park Facilities - Public Use,255 Glen Rd.,109,1985-01-02,2017,5830.21,0,0,Audit
115,Churchill Park - Sun Shelter 152223,Park Facilities - Public Use,255 Glen Rd.,109,1985-01-02,2017,5830.21,0,0,Audit
116,Churchill Park - Sun Shelter 152272,Park Facilities - Public Use,255 Glen Rd.,109,1985-01-02,2017,5830.21,0,0,Audit
117,Churchill Park - Sun Shelter 152315,Park Facilities - Public Use,255 Glen Rd.,109,1985-01-02,2017,5830.21,0,0,Audit
118,Churchill Park - Sun Shelter 184216,Park Facilities - Public Use,255 Glen Rd.,109,1985-01-02,2017,5830.21,0,0,Audit
119,Churchill Park - Washroom / Changeroom,Park Facilities - Public Use,145 Cline Ave. N.,857,1954-01-02,2017,173604.63,30512.36,0.17575775484789777,Audit
120,CITYLAB (FOOTBALL HALL OF FAME),Administration Facilities,58 JACKSON STREET WEST,17585,1974-01-02,2020,12022848.67,559205.51,0.04651189791612007,Audit
121,CLUB 60 SENIOR CITIZEN CENTRE,Senior Centres,6 KING STREET WEST,3568,1975-01-02,2018,1556557.13,103601.99,0.06655842436056299,Audit
122,CONCESSION LIBRARY,Libraries,565 CONCESSION STREET,8316,1993-01-02,2021,6244022.03,880503.88,0.1410154986272526,Audit
123,CONSERVATION LAB & STORAGE,Administration Facilities,240 BURLINGTON STREET EAST,6671,1953-01-02,2019,1952928.58,266775.3,0.13660269132832292,Audit
124,COPETOWN COMMUNITY CENTRE,Community Centres,1950 GOVERNORS ROAD,7788,1993-01-02,2022,4934930.06,159768.53999999998,0.03237503633435486,Audit
125,COPETOWN LIONS PARK - PAVILION,Park Facilities - Public Use,1950 GOVERNORS ROAD,1304,1998-01-02,2019,121648.73,0,0,Audit
126,Corktown Park - Washrooms / Storage,Park Facilities - Public Use,175 Ferguson Ave. S.,1546,1968-01-02,2017,313177.09,26174.84,0.08357839968434472,Audit
127,CORONATION ARENA,Arenas,81 MACKLIN STREET NORTH,27098,1981-01-02,2021,15855560.08,363710.89,0.02293901244515356,Audit
128,CORONATION OUTDOOR POOL,Outdoor Pools,80 MACKLIN STREET NORTH,27087,2015-01-02,2018,7982473.89,1745.7,0.00021869160163328767,Audit
129,Courtcliffe Park - Picnic Shelter (Heritage),Park Facilities - Public Use,159 Carlisle Rd.,1485,1960-01-02,2017,138534.02,0,0,Audit
130,DALEWOOD RECREATION CENTRE (P),Indoor Pools,1152 MAIN STREET WEST,11601,1969-01-02,2018,8345871.93,164987.76,0.019768786459199838,Audit
131,DAVE ANDREYCHUK MOUNTAIN ARENA & SKATING CENTRE,Arenas,25-55 HESTER STREET,76286,1970-01-02,2021,37538341.91,1412861.9500000002,0.03763783582629743,Audit
132,DISCOVERY CENTRE,Administration Facilities,57 DISCOVERY DRIVE,21376,2004-01-01,2021,12563045,157762.05,0.01255762834567575,Audit
133,DOMINIC AGOSTINO RIVERDALE COMMUNITY CENTRE (P),Indoor Pools,150 VIOLET DRIVE,16401,2006-01-02,2018,13901889.42,739415.03,0.053188096068167406,Audit
134,DUNDAS COMMUNITY POOL (P),Indoor Pools,39 MARKET STREET SOUTH,10364,1984-01-02,2018,8784780.32,1063526.25,0.1210646380739547,Audit
135,Dundas Driving Park - Baseball Washroom/Concession,Park Facilities - Public Use,71 Cross St.,1279,1966-01-02,2017,259090.23,26186.08,0.10106934560982866,Audit
136,Dundas Driving Park - Concession / Washroom / Ice Plant,Park Facilities - Public Use,71 Cross St.,4305,2012-01-02,2017,872074.61,0,0,Audit
137,DUNDAS DRIVING PARK - LAWN BOWLING CLUBHOUSE,Park Facilities - Public Use,71 CROSS STREET,1628,1954-01-02,2017,329788.03,0,0,Audit
138,DUNDAS DRIVING PARK - MAINTENANCE,Work Yards & Maintenance,71 CROSS STREET,5873,1993-01-02,2018,2398570.2,89456.03,0.03729556466598309,Audit
139,DUNDAS DRIVING PARK - PAVILION (159080),Park Facilities - Public Use,71 CROSS STREET,1097,1954-01-02,2017,222222.03,12796.94,0.05758627981213204,Audit
140,Dundas Driving Park - Pavilion - 159665,Park Facilities - Public Use,71 Cross St.,2058,1954-01-02,2017,416894.21,9649.96,0.023147263186984533,Audit
141,Dundas Driving Park - Pavilion - 160003,Park Facilities - Public Use,71 Cross St.,1225,1954-01-02,2017,248151.31,1407.85,0.005673353084454802,Audit
142,Dundas Driving Park - Small Storage Structure,Park Facilities - Public Use,71 Cross St.,105,1954-01-02,2017,21270.11,9649.96,0.45368641723056435,Audit
143,DUNDAS DRIVING PARK - STAFF BUILDING,Work Yards & Maintenance,71 CROSS STREET,2808,1962-01-01,2006,1248066.5,406667.43,0.32583795014127853,Audit
144,DUNDAS DRIVING PARK - TENNIS CLUBHOUSE,Park Facilities - Public Use,71 CROSS STREET,2425,1954-01-02,2017,491238.31,21827.37,0.0444333626992569,Audit
145,DUNDAS DRIVING PARK WADING POOL,Outdoor Pools,71 CROSS STREET,206,2012-01-02,2018,41729.94,0,0,Audit
146,DUNDAS LIBRARY,Libraries,18 OGILVIE STREET,13181,1978-01-02,2021,10138918.79,583527.47,0.05755322456823821,Audit
147,DUNDAS LIONS MEMORIAL COMMUNITY CENTRE (SC) (H),Senior Centres,10 MARKET STREET SOUTH,19628,1936-01-01,2022,11535715.16,185568.22,0.016086407944906296,Audit
148,DUNDAS LITTLE THEATRE,Community Centres,37 MARKET STREET SOUTH,5000,1982-01-02,2022,2879316.5,187810.97,0.06522762259723792,Audit
149,DUNDAS TOWN HALL (H),Administration Facilities,60 MAIN STREET,14084,1848-01-01,2019,9466460.6,4122960.23,0.4355334484780933,Audit
150,DUNDAS WATER DISTRIBUTION - MAIN BUILDING (F),Work Yards & Maintenance,135 KING STREET EAST,8315,1983-01-02,2019,3395898.38,833229.09,0.24536337568499325,Audit
151,DUNDAS WATER DISTRIBUTION - STORES,Work Yards & Maintenance,135 KING STREET EAST,3817,2007-01-02,2018,773219.23,168241.96,0.217586362925816,Audit
152,DUNDAS YARD - MAIN BUILDING (F),Work Yards & Maintenance,189 KING STREET EAST,6874,1998-01-02,2018,3801377.68,950438.37,0.2500247147239524,Audit
153,DUNDAS YARD - SALT / SAND STORAGE,Work Yards & Maintenance,189 KING STREET EAST,9600,2014-06-19,2018,2810390.4,0,0,Audit
154,DUNDAS YARD - STORAGE BUILDING A,Work Yards & Maintenance,189 KING STREET EAST,900,1985-01-02,2018,112092.84,21051.59,0.18780494811265377,Audit
155,DUNDAS YARD - STORAGE BUILDING B,Work Yards & Maintenance,189 KING STREET EAST,260,1985-01-02,2018,52668.85,9739,0.18491005594388335,Audit
159,Eastdale Park - Bocce / Washroom / Storage,Park Facilities - Public Use,81 Lincoln Rd.,580,2014-01-02,2019,117492.05,0,0,Audit
160,EASTLAWN CEMETERY,Cemeteries,2280 BARTON STREET EAST,1053,1968-01-01,2009,854859.73,115352.38,0.13493720191966466,Audit
161,EASTMOUNT COMMUNITY CENTRE,Community Centres,115 EAST 26TH STREET,2413,1964-01-02,2022,1529017.24,107049.99999999999,0.07001229103211419,Audit
162,EASTMOUNT PARK - CONCESSION,Park Facilities - Public Use,115 EAST 26TH STREET,687,1960-01-01,,139167.31,2332.05,0.016757168044708202,Audit
163,EASTWOOD ARENA,Arenas,111 BURLINGTON STREET EAST,26323,1959-01-02,2015,15402092.7,7672870.87,0.4981706719632976,Audit
164,Eastwood Park- Concession,Park Facilities - Public Use,111 Burlington St. E.,2777,1995-01-01,2017,562543.83,31628.71,0.05622443676966469,Audit
165,Edwards Park - Storage / Concession,Park Facilities - Public Use,55 Mercer St.,809,1968-01-02,2017,163881.15,20132.33,0.12284713647664788,Audit
166,ELEANOR PARK - ICE HUT,Park Facilities - Public Use,80 PRESIDIO DRIVE,688,2002-01-02,2017,139369.88,5988.11,0.042965596296703414,Audit
167,ELMAR PARK - ICE HUT,Park Facilities - Maintenance & Storage,140 BRIGADE DRIVE,72,2014-01-02,2017,14585.22,0,0,Audit
168,Elmar Park - Sun Shelter,Park Facilities - Public Use,140 Brigade Dr.,373,2014-01-02,2017,34796.76,0,0,Audit
169,Escarpment Ward 1 - Utility Structure Associated With Cso Tank Above Chedoke,Park Facilities - Maintenance & Storage,18 Mountside,282,1964-01-02,2011,57125.45,5419.07,0.0948626225263871,Audit
170,FAIRFIELD PARK - PAVILION,Park Facilities - Public Use,1501 BARTON STREET EAST,400,2011-08-17,,81029,2332.05,0.028780436633797778,Model
171,Father Sean O'Sullivan Park - Bocce Storage Shed No Geomedia #,Park Facilities - Public Use,1139 Greenhill Ave.,100,2002-01-02,2017,12454.76,0,0,Audit
172,Father Sean O'Sullivan Park - Sunshelter,Park Facilities - Public Use,1139 Greenhill Ave.,380,1997-01-02,2017,35449.78,0,0,Audit
173,Father Sean O'Sullivan Park - Water Chamber Structure,Park Facilities - Maintenance & Storage,1139 Greenhill Ave.,72,2014-01-02,2017,14585.22,0,0,Audit
174,Ferguson Ave Shelter - Pavilion,Park Facilities - Public Use,Ferguson Ave S,4205,1999-01-02,2019,851817.36,0,0,Audit
175,Ferris Park - Bocce Club Bldg,Park Facilities - Public Use,25 Lynwood Dr.,592,2014-01-02,2019,119922.92,0,0,Audit
176,FIRE PREVENTION & WEST DISTRICT OFFICES,Fire & EMS,55 KING WILLIAM STREET,6857,1979-01-02,2019,4608883.87,247892.89,0.05378588330540861,Audit
177,FIRE STATION 01 (F),Fire & EMS,35 JOHN STREET NORTH,19726,1917-01-02,2022,8798553.48,371025.49,0.04216891911191747,Audit
178,FIRE STATION 02,Fire & EMS,1400 UPPER WELLINGTON STREET,7503,1995-01-02,2019,4149219.77,144262.79,0.03476865483073701,Audit
179,FIRE STATION 03,Fire & EMS,965 GARTH STREET ,7502,1981-01-02,2019,4148666.77,325374.78,0.07842875748731201,Audit
180,FIRE STATION 04 (F),Fire & EMS,729 UPPER SHERMAN AVENUE,23219,1998-01-02,2019,10356565.61,1516672.22,0.14644547981577458,Audit
181,FIRE STATION 05,Fire & EMS,1227 STONE CHURCH ROAD EAST,9494,2015-01-02,2022,4709263.25,0,0,Audit
182,FIRE STATION 06,Fire & EMS,246 WENTWORTH STREET NORTH ,12864,1986-01-02,2019,5737837.98,514509.14,0.08966951346367573,Audit
183,FIRE STATION 07 (F),Fire & EMS,225 QUIGLEY ROAD,7061,1989-01-02,2019,3904790.19,409772.19,0.10494089824580306,Audit
184,FIRE STATION 08,Fire & EMS,400 MELVIN AVENUE,5674,1958-01-02,2019,3137767.96,87241.58,0.027803706683269213,Audit
185,FIRE STATION 09,Fire & EMS,125 KENILWORTH AVENUE NORTH,8533,2006-01-02,2019,4718818.12,347304.71,0.07359993565507458,Audit
186,FIRE STATION 10,Fire & EMS,1455 MAIN STREET WEST,8869,1956-01-02,2019,4904628.84,210869.39,0.042993954665894764,Audit
187,FIRE STATION 11,Fire & EMS,24 RAY STREET SOUTH,3484,1963-01-02,2019,1926680.22,52994.65,0.02750568021090703,Audit
188,FIRE STATION 12,Fire & EMS,199 HIGHWAY 8,11956,1994-01-02,2019,5332835.11,492354.39,0.0923250728447893,Audit
189,FIRE STATION 13,Fire & EMS,177 BAY STREET NORTH,14856,1967-01-02,2019,6626346.47,1064309.88,0.16061790382053476,Audit
190,FIRE STATION 14,Fire & EMS,595 CHAPEL HILL ROAD,2827,2002-01-02,2019,1260950.56,1036630.14,0.8221021290477876,Audit
191,FIRE STATION 14 - GARAGE,Fire & EMS,595 CHAPEL HILL ROAD,1149,2002-01-02,2019,232755.8,134349.68,0.5772130275593562,Audit
192,FIRE STATION 15,Fire & EMS,415 ARVIN AVENUE,6671,1999-01-02,2019,3689117.04,101787.9,0.027591398943526062,Audit
193,FIRE STATION 16,Fire & EMS,939 BARTON STREET,6671,1999-01-02,2019,3689117.04,28226.09,0.007651177692101631,Audit
194,FIRE STATION 17,Fire & EMS,363 ISAAC BROCK DRIVE,6576,1989-01-02,2019,3636581.27,202985.77,0.05581774609975924,Audit
195,FIRE STATION 18,Fire & EMS,2636 HIGHWAY 56,10968,2005-01-02,2019,6377960,638304.06,0.10007965869964691,Audit
196,FIRE STATION 19,Fire & EMS,3302 HOMESTEAD DRIVE,7224,1994-01-02,2019,3222181.4,343780.47,0.10669184236492706,Audit
197,FIRE STATION 20,Fire & EMS,661 GARNER ROAD EAST ,7480,2013-01-02,2019,4136500.59,3864.69,0.0009342897253158618,Audit
198,FIRE STATION 21,Fire & EMS,365 WILSON STREET WEST,12520,1994-01-02,2019,5584400.77,216940.53,0.03884759331125155,Audit
199,FIRE STATION 23,Fire & EMS,19 MEMORIAL SQUARE,10025,1976-01-02,2019,4471534.96,213466.05,0.04773887533242052,Audit
200,FIRE STATION 24,Fire & EMS,256 PARKSIDE DRIVE,9906,1996-01-02,2019,4418456.39,129593.11,0.02932995113254926,Audit
201,FIRE STATION 25,Fire & EMS,361 OLD BROCK ROAD,3519,1971-01-02,2019,1946035.5,192552.59,0.09894608294658551,Audit
202,FIRE STATION 26,Fire & EMS,119 LYNDEN ROAD,4824,1980-01-02,2019,2151689.24,72638.12,0.03375864815869042,Audit
203,FIRE STATION 27 (H),Fire & EMS,795 OLD HIGHWAY 8,4825,1971-01-02,2019,2152135.28,153225.83,0.07119711824063402,Audit
204,FIRE STATION 28,Fire & EMS,1801 BROCK ROAD,4402,1966-01-02,2019,1963461.04,63242.73,0.032209821693227995,Audit
205,FIRE STATION 30 (EMS),Fire & EMS,489 VICTORIA AVENUE NORTH ,22243,1988-01-02,2019,9921232.13,647635.92,0.06527777109877984,Audit
206,FIRE STATION 30-B - OUT BUILDING,Fire & EMS,489 VICTORIA AVENUE NORTH,2500,1988-01-02,2019,1382520.25,17753.46,0.012841374294517566,Audit
207,FIRE STATION 32 (EMS),Fire & EMS,1000 LIMERIDGE ROAD EAST,8570,1991-01-02,2019,4250935.96,181243.08,0.04263604102847976,Audit
208,FIRSTONTARIO CENTRE (COPPS),Entertainment Facilities,101 YORK BOULEVARD,449376,1985-01-01,2015,261211528.71,35230565.68,0.13487370122592626,Audit
209,FIRSTONTARIO CONCERT HALL (HAMILTON PLACE),Entertainment Facilities,10 MACNAB STREET SOUTH,93779,1974-01-01,2013,86188462.09,15375096.55,0.17838926669726357,Audit
210,FLAMBOROUGH FAMILY YMCA,Indoor Pools,207 PARKSIDE DRIVE,31425,2019-11-25,,22607449.82,0,0,Model
211,FLAMBOROUGH YARD (BROCK ROAD),Work Yards & Maintenance,867 4TH CONCESSION ROAD WEST,10924,1973-01-02,2019,2796062.25,584753.74,0.2091347358235676,Audit
212,FLAMBOROUGH YARD - SALT / SAND STORAGE (BROCK ROAD),Work Yards & Maintenance,867 4TH CONCESSION ROAD WEST,5000,2007-01-01,2018,408190,0,0,Audit
213,FORESTRY OPERATIONS CENTRE - GARAGE (F),Work Yards & Maintenance,1301 UPPER OTTAWA STREET,4219,1984-01-02,2018,1235108.03,427598.12,0.34620301189362357,Audit
214,FORESTRY OPERATIONS CENTRE - MAIN BUILDING,Work Yards & Maintenance,1301 UPPER OTTAWA STREET,15382,1995-01-02,2018,6282105.71,963731.37,0.15340897057270309,Audit
215,FORESTRY OPERATIONS CENTRE - QUONSET,Work Yards & Maintenance,1301 UPPER OTTAWA STREET,3129,1984-01-02,2018,633849.35,499561.22,0.788138727285908,Audit
216,FRANK A. COOKE TERMINAL,Transit Facilities,7 MACNAB STREET SOUTH,2225,2011-01-01,2018,1495517.95,11075.11,0.007405534651055175,Audit
217,FREELTON COMMUNITY PARK - OUTDOOR RINK,Park Facilities - Public Use,170 FREELTON ROAD,3240,2016-12-22,2017,5130596.73,0,0,Audit
218,FREELTON COMMUNITY PARK - PICNIC PAVILION,Park Facilities - Public Use,170 FREELTON ROAD,1220,1973-01-02,2017,113812.46,0,0,Audit
219,Freelton Community Park - Storage,Park Facilities - Maintenance & Storage,170 Freelton Rd,120,1973-01-02,2017,14945.71,3167.65,0.21194376178849986,Audit
220,Freelton Community Park - Storage Building #2,Park Facilities - Maintenance & Storage,170 Freelton Rd,120,1973-01-02,2017,24308.7,3584.85,0.14747189277912845,Audit
221,FREELTON LIBRARY,Libraries,1803 BROCK ROAD,1945,1999-01-02,2021,1496107.81,45348.33,0.03031087044455707,Audit
222,FRUITLAND COMMUNITY CENTRE,Community Centres,14 SHERWOOD PARK ROAD,5047,1964-01-02,2022,3198072.94,62723.96,0.019613048600448744,Audit
223,GAGE PARK - 1919 BUILDING,Work Yards & Maintenance,1000 MAIN STREET EAST,575,1977-01-02,2020,116479.19,85792.15,0.7365448712340804,Audit
224,"Gage Park - 2 Storage Bldgs, 1 Concrete Stucco And 1 Block",Park Facilities - Maintenance & Storage,1000 Main St. E.,202,1962-01-02,2018,40919.65,15365.470000000001,0.37550345616348135,Audit
225,Gage Park - Archway (Near Main St),Park Facilities - Public Use,1000 Main St. E.,602,1958-01-01,2018,56159.92,0,0,Audit
226,GAGE PARK - BAND SHELL,Park Facilities - Public Use,1000 MAIN STREET EAST,980,1951-01-02,2018,198521.05,78393.83,0.3948892573356831,Audit
227,Gage Park - Band Shell Washrooms / Storage,Park Facilities - Public Use,1000 Main St. E.,1800,1962-01-02,2018,364630.5,116063.86,0.3183054078032419,Audit
228,Gage Park - Baseball Change Room Bldg By Parking Lot,Park Facilities - Public Use,1000 Main St. E.,867,1962-01-02,2018,175630.36,0,0,Audit
229,GAGE PARK - HORTICULTURE (F),Work Yards & Maintenance,1000 MAIN STREET EAST,7389,1997-01-02,2020,2163122.36,271652.66,0.1255835846475185,Audit
230,GAGE PARK - PRODUCTION GREENHOUSE,Work Yards & Maintenance,1000 MAIN STREET EAST,20000,2015-01-02,2013,7969478,74807.53,0.009386754063440542,Audit
231,Gage Park - Small Building South Of Baseball Change Rooms,Park Facilities - Maintenance & Storage,1000 Main St. E.,158,1968-01-02,2018,19678.52,11590.35,0.5889848423560309,Audit
232,Gage Park - Small Storage Shed Next To Lawn Bowling Club House,Park Facilities - Maintenance & Storage,1000 Main St. E.,194,1962-01-02,2018,24162.23,2189.48,0.09061580822631024,Audit
233,Gage Park - Small Structure North Of Tennis Courts,Park Facilities - Maintenance & Storage,1000 Main St. E.,342,1962-01-02,2018,69279.8,11800.02,0.17032410601647233,Audit
234,"Gage Park - Splash Pad Washroom, Utility Bldg For Wading Pool And Spray Pad",Park Facilities - Public Use,1000 Main St. E.,480,2002-01-02,2018,97234.8,17034.19,0.17518614734642327,Audit
235,GAGE PARK - TROPICAL GREENHOUSE,Work Yards & Maintenance,1000 MAIN STREET EAST,6090,1980-01-02,2013,2426706.05,1996677.84,0.8227934487574217,Audit
236,Gatesbury Park - Sun Shelter,Park Facilities - Public Use,28 Niska Dr.,250,2017-11-01,2019,23322.23,0,0,Audit
237,GATESBURY PARK - WASHROOM,Park Facilities - Public Use,28 NISKA DRIVE,700,2002-01-02,2019,141800.75,0,0,Audit
238,Gilkson Park - Small Storage Next To Playground,Park Facilities - Maintenance & Storage,50 Gemini Dr.,274,2004-01-02,2017,34126.04,0,0,Audit
239,Gilkson Park - Small Utility Shed Next To Ball Diamond At Street,Park Facilities - Maintenance & Storage,50 Gemini Dr.,100,1968-01-02,2017,12454.76,3308.43,0.2656357890477215,Audit
240,Gilkson Park - Washrooms And Utility For Spray Pad,Park Facilities - Public Use,50 Gemini Dr.,1234,2004-01-02,2017,249974.47,5230.51,0.020924176776932462,Audit
241,GLANBROOK ARENA & AUDITORIUM (F),Arenas,4300 BINBROOK ROAD,41163,1975-01-02,2021,21961930.02,1356456.97,0.061764014763944684,Audit
242,GLANBROOK HILLS PARK - ICE HUT,Park Facilities - Maintenance & Storage,225 GRETI DRIVE,70,2020-11-25,,8718.33,0,0,Model
243,GLANBROOK HILLS PARK - PAVILION,Park Facilities - Public Use,225 GRETI DRIVE,450,2020-11-25,,41980.01,0,0,Model
244,Glanbrook Sports Park - Concession / Washrooms,Park Facilities - Public Use,4300 Binbrook Rd.,505,1985-01-02,2019,102299.11,12750.81,0.12464243335059318,Audit
245,GLANBROOK TOWN HALL (MSC),Administration Facilities,4280 BINBROOK ROAD,9686,1999-01-02,2019,5974691.9,65904.22,0.011030563768484864,Audit
246,Glendale Park - Spray Pad Utility Bldg / Storage,Park Facilities - Public Use,255 Rainbow Dr.,683,2002-01-02,2019,138357.02,0,0,Audit
247,Gourley Park - Small Storage Building,Park Facilities - Maintenance & Storage,142 Duncairn Cres.,240,1985-01-02,2022,48617.4,0,0,Audit
248,Gourley Park - Washroom / Storage / Concession,Park Facilities - Public Use,142 Duncairn Cres.,1377,1985-01-02,2017,278942.33,16141.03,0.05786511498631276,Audit
249,GREEN ACRES OUTDOOR POOL,Outdoor Pools,50 RANDALL AVENUE,15414,1960-01-02,2018,4542468.81,27995.22,0.006162996637064417,Audit
250,GREENSVILLE COMMUNITY HALL (H),Community Centres,283 BROCK ROAD,4508,1875-01-01,2021,2856531.17,487148.17,0.1705383701449335,Audit
251,GREENSVILLE LIBRARY & RECREATION CENTRE,Libraries,625 HARVEST ROAD,3400,2018-02-28,2022,2615304.14,0,0,Audit
252,GROVE CEMETERY,Cemeteries,129 YORK ROAD,632,1990-01-01,,128025.82,3596.7,0.028093551753857148,Model
253,H.G. BREWSTER POOL (P),Indoor Pools,206 DEWITT ROAD,10654,1976-01-02,2018,9030591.42,1392213.43,0.1541663624507109,Audit
254,HAAA - Field House/Changeroom/Washrooms,Park Facilities - Public Use,250 Charlton Ave. W.,5356,1940-01-01,2017,1084978.31,401056.3,0.3696445323409276,Audit
255,HAMILTON CEMETERY - MAIN BUILDING (F) (H),Cemeteries,777 YORK BOULEVARD,2206,1900-01-01,2019,1790902.72,1125012,0.6281815240081828,Audit
256,HAMILTON CITY HALL (H),Administration Facilities,71 MAIN STREET WEST,167994,1962-01-02,2020,116603241.05,1048721.94,0.008993934735916158,Audit
257,HAMILTON CITY HALL GARAGE (F) (H),Administration Facilities,71 MAIN STREET WEST,30544,1962-01-02,2020,28249064.34,74425.42,0.0026346154019202465,Audit
258,HAMILTON CONVENTION CENTRE,Entertainment Facilities,1 SUMMERS LANE,188903,1981-01-01,2013,138480444.53,16570949.92,0.11966274354650933,Audit
259,HAMILTON FARMERS MARKET,Administration Facilities,35 YORK BOULEVARD,55235,1980-01-02,2019,15672953.34,2156710.57,0.13760715821795458,Audit
260,HAMILTON POLICE CENTRAL STATION (STATION 10),Police Stations,155 KING WILLIAM STREET,132000,1976-01-01,2021,110821854,3827942.3299999996,0.034541403088239254,Audit
261,HAMILTON POLICE EAST END STATION (STATION 20),Police Stations,2825 KING STREET EAST,40000,1992-01-01,2021,30783984,1270017.93,0.04125580139334792,Audit
262,HAMILTON POLICE FORENSIC INVESTIGATION DIVISION BUILDING (ISD),Police Stations,100 WILSON STREET,62887,2020-03-20,,52797378.28,0,0,Audit
263,HAMILTON POLICE MARINE UNIT,Police Stations,110 HARBOUR FRONT DRIVE,2650,2021-05-24,,2151356.39,0,0,Audit
264,HAMILTON POLICE MOUNTAIN STATION (STATION 30),Police Stations,400 RYMAL ROAD EAST,40000,2003-01-01,2021,30783984,1056147.95,0.03430835820340863,Audit
265,HAMILTON SPCA,Administration Facilities,245 DARTNALL ROAD,24468,1999-01-02,2006,10668985.12,1715409.11,0.16078465671344008,Audit
266,HAMILTON TENNIS CLUB,Park Facilities - Public Use,257 DUKE STREET,7064,1996-01-02,2017,2895782.96,22145.47,0.007647489575669028,Audit
267,HARRY HOWELL TWIN PAD ARENA (NORTH WENTWORTH),Arenas,27 HIGHWAY 5 WEST,92641,2012-08-02,2021,42395791.83,184561.84,0.004353305647410997,Audit
268,Heritage Green - Storage & Washroom Building,Park Facilities - Maintenance & Storage,355 First Rd. W,5213,2018-05-29,2019,538290.33,0,0,Audit
269,HERITAGE GREEN COMMUNITY DOG PARK - PAVILION,Park Facilities - Public Use,297 FIRST ROAD WEST,160,2018-01-01,,32411.6,0,0,Audit
270,Heritage Green Community Sports Park - Parks Works Building,Park Facilities - Maintenance & Storage,355 First Rd. W.,5600,2018-01-02,2019,1639394.4,6116.73,0.0037310911883070967,Audit
271,HERITAGE GREEN SPORTS PARK - PAVILION,Park Facilities - Public Use,355 FIRST ROAD WEST,160,2018-01-01,,32411.6,0,0,Audit
274,HERITAGE GREEN SPORTS PARK - WASHROOMS / STORAGE / UTILITIES,Park Facilities - Public Use,355 First Rd. W.,5213,2014-01-02,2011,1056010.44,52023.5,0.049264190986596686,Audit
275,Highview Park - Storage Shed,Park Facilities - Maintenance & Storage,879 Brucedale Ave.E,63,2013-01-02,2017,7846.5,0,0,Audit
276,HILL PARK RECREATION CENTRE (P),Indoor Pools,305 SOUTH BEND ROAD EAST,16685,1977-01-02,2018,14142614.78,2015324.18,0.1425001112842303,Audit
277,Huntington Park - Sun Shelter,Park Facilities - Public Use,87 Brentwood Drive,380,1997-01-01,2021 ,76977.55,0,0,Audit
278,HUNTINGTON PARK RECREATION CENTRE (P),Indoor Pools,87 Brentwood Dr,29681,1997-01-02,2020,21352799.31,680416.25,0.03186543553946792,Audit
279,INCH OUTDOOR POOL,Outdoor Pools,400 QUEENSDALE AVENUE EAST,2318.28,2011-01-02,2018,4664178.84,50906.56,0.01091436708288827,Audit
280,INCH PARK ARENA,Arenas,400 QUEENSDALE AVENUE EAST,33995,1995-01-02,2021,19891127.2,1344080.29,0.06757185133278923,Audit
281,J.C. BEEMER PARK - WASHROOM,Park Facilities - Public Use,68 VICTORIA AVENUE NORTH,2000,2014-01-01,2018,405145,13193.59,0.03256510631995952,Audit
282,J.L. GRIGHTMIRE ARENA,Arenas,35 MARKET STREET SOUTH,76899.23,1956-01-02,2015,44995215.94,0,0,Audit
283,Jackie Washington Rotary Park - Washrooms / Concession,Park Facilities - Public Use,363 Wellington St. N.,678,2002-01-02,2017,137344.16,351.95,0.002562540700674859,Audit
285,JIMMY THOMPSON MEMORIAL POOL (P) (H),Indoor Pools,1099 KING STREET EAST,23129,1934-01-02,2020,16639226.95,964302.75,0.05795357878690392,Audit
286,Joe Sam's Leisure Park - Parks Storage Building,Park Facilities - Maintenance & Storage,752 Centre Rd.,14836,1975-01-02,2018,4469503.75,682686.0000000001,0.15274313171792284,Audit
287,JOE SAM'S LEISURE PARK - PAVILION,Park Facilities - Public Use,752 CENTRE ROAD,1130,2018-01-01,,140738.79,0,0,Audit
288,Joe Sam's Leisure Park - Pole Barn Storage For Public Works,Park Facilities - Maintenance & Storage,752 Centre Rd.,14406,1975-01-02,2018,4339961.64,205000,0.04723544054182009,Audit
289,Joe Sam's Leisure Park - Washroom And Storage / Snack Bar,Park Facilities - Public Use,752 Centre Rd.,1795,1975-01-02,2017,363617.64,56197.9,0.1545521828918971,Audit
290,JONES ROAD YARD - ANIMAL CONTROL,Work Yards & Maintenance,345 JONES ROAD,2772,1996-01-02,2019,1208698.17,159657.13,0.13209015613881506,Audit
291,KANETSKARE RECREATION CENTRE (P),Indoor Pools,251 DUKE STREET,27847,1975-01-02,2018,23603799.45,1429546.71,0.060564262674245015,Audit
292,KENILWORTH LIBRARY,Libraries,103 KENILWORTH AVENUE NORTH,7959,1934-01-02,2021,5975970.58,607324.65,0.10162778445271396,Audit
293,KING GEORGE ELEMENTARY SCHOOL,Administration Facilities,77 GAGE AVENUE NORTH,20700,1912-01-01,,12117852.45,2894824.88,0.23888926622472614,Model
294,KINGS FOREST GOLF - CLUBHOUSE,Golf Facilities,100 GREENHILL AVENUE,13454,1977-01-02,2018,3938645.05,584582.36,0.14842219915196472,Audit
295,KINGS FOREST GOLF - MAINTENANCE BUILDING,Golf Facilities,100 GREENHILL AVENUE,6474,1968-01-02,2017,2644022.39,13656.16,0.005164918440800344,Audit
296,KINGS FOREST GOLF - PAVILION A,Golf Facilities,100 GREENHILL AVENUE,199,1985-01-02,2017,18564.49,0,0,Audit
297,KINGS FOREST GOLF - QUONSET,Golf Facilities,100 GREENHILL AVENUE,2084,2002-01-02,2017,259557.2,5112.13,0.019695581551966195,Audit
298,KINGS FOREST GOLF - STORAGE / OFFICE,Golf Facilities,100 GREENHILL AVENUE,1211,1985-01-02,2017,150827.14,0,0,Audit
299,Kings Forest Golf Club - Pump House,Golf Facilities,100 Greenhill Ave.,160,2009-01-01,2018,32411.6,0,0,Audit
300,Kings Forest Golf Club - Washrooms,Golf Facilities,100 Greenhill Dr.,180,2009-01-01,2018,36463.05,0,0,Audit
301,Kinsmen Park - Picnic Shelter,Park Facilities - Public Use,387 Beach Blvd.,747,2014-01-02,2019,69686.81,0,0,Audit
302,KIWANIS BOYS & GIRLS CLUB (P),Indoor Pools,45 ELLIS AVENUE,18000,1965-01-02,2018,15257241,226326.41,0.014834032575090084,Audit
303,KIWANIS COMMUNITY CENTRE,Community Centres,200 JONES ROAD,6979,1976-01-02,2017,4018949.97,1925804.14,0.47918091899014104,Audit
304,LIMERIDGE TRANSIT TERMINAL,Transit Facilities,999 UPPER WENTWORTH STREET,198,1984-01-01,2018,160742.85,25658.8,0.159626384626128,Audit
305,Lisgar Park - Bocce Building,Park Facilities - Public Use,95 Carson Dr.,765,2014-01-02,2017,154967.96,0,0,Audit
306,Lisgar Park - Sun Shelter,Park Facilities - Public Use,95 Carson Dr.,690,2002-01-02,2017,139775.03,0,0,Audit
307,LISTER BLOCK (H),Administration Facilities,28 JAMES STREET NORTH,77084,1928-01-02,2020,55170221.31,6765.9400000000005,0.00012263753596314874,Audit
308,Little League Park - Storage,Park Facilities - Maintenance & Storage,880 Queenston Rd.,499,1987-01-02,2019,101083.68,0,0,Audit
309,LOCKE LIBRARY,Libraries,285 LOCKE STREET SOUTH,1485,1895-01-02,2021,1142272.54,62180.69,0.05443594923502232,Audit
310,Lucy Day Park - Storage & Utility,Park Facilities - Maintenance & Storage,33 Clinton St.,351,1968-01-02,2019,71102.95,11445.249999999998,0.16096730163797704,Audit
311,Lynden Legion Park - Picnic Pavilion,Park Facilities - Public Use,206 Lynden Rd.,337,1984-01-02,2019,31438.36,10465.55,0.3328910922834397,Audit
312,"Lynden Legion Park - Royal Canadian Legion, Beverly Branch 500",Park Facilities - Public Use,206 Lynden Rd.,8400,1984-01-02,2018,2459091.6,680470.1,0.276716044249836,Audit
313,LYNDEN LIBRARY,Libraries,110 LYNDEN ROAD,3815,2012-01-02,2021,2934525.09,4356.6,0.00148460138059341,Audit
314,LYNDEN LIONS CLUB,Community Centres,4070 GOVERNORS ROAD,2280,1900-01-01,2019,1312968.32,26832.049999999996,0.020436174728115295,Audit
315,Lynden Lions South Park - Picnic Pavilion,Park Facilities - Public Use,4070 Governor's Rd.,864,2014-01-02,2019,80601.61,1217.86,0.015109623740766466,Audit
316,Lynden Lions South Park - Washroom/Concession North End Of Park,Park Facilities - Public Use,4070 Governor's Rd.,1167,1985-01-02,2019,236402.11,40249.15,0.17025715210409925,Audit
317,MACASSA LODGE,Lodges,701 UPPER SHERMAN AVENUE,236186,1960-01-02,2020,119765385.83,7004711.43,0.0584869441321116,Audit
318,Macassa Park - Small Utility Bldg,Park Facilities - Maintenance & Storage,9 Dallas Ave.,72,2014-01-01,2017,14585.22,0,0,Audit
319,Macassa Park - Washroom / Storage,Park Facilities - Public Use,777 Upper Sherman Ave.,4075,1985-01-02,2017,825482.94,20448.79,0.02477191109485558,Audit
320,Mahony Park - Washrooms (Renovations 2017),Park Facilities - Public Use,1655 Barton St. E.,6370,1969-01-02,2018,1290386.83,253234.04,0.19624660924352427,Audit
322,Maplewood Park - Storage,Park Facilities - Maintenance & Storage,2nd Road West,355,1968-08-30,2019,71913.24,6928.32,0.09634275969209563,Audit
323,MARTINO MEMORIAL PARK - CHANGEROOMS & WASHROOMS,Park Facilities - Public Use,147 KING STREET EAST,930,1985-01-02,2022,115829.27,55574,0.47979237027048516,Audit
324,MARTINO MEMORIAL PARK - CONCESSION & WASHROOMS,Park Facilities - Public Use,147 KING STREET EAST,1832,1984-01-02,2022,371112.82,8300,0.02236516647417354,Audit
325,MATA-B - FIRE ADMINISTRATION,Fire & EMS,1227 STONE CHURCH ROAD EAST,36512,2010-01-02,2022,20295680.81,12500.000000000002,0.000615894589445901,Audit
326,MATA-C - INDOOR TRAINING CENTRE,Fire & EMS,1227 STONE CHURCH ROAD EAST,40000,2010-01-02,2022,22145760,66500,0.0030028321448439792,Audit
327,MATA-D - FIRE SMOKE HOUSE & BURN TOWER,Fire & EMS,1227 STONE CHURCH ROAD EAST,5522,2015-01-02,2014,1118605.35,0,0,Audit
328,MATERIALS RECYCLING FACILITY (FIRESTONE),Work Yards & Maintenance,1579 BURLINGTON STREET EAST,273195,1960-01-02,2018,93445229.65,3545587.04,0.03794294319014496,Audit
329,McLaren Park - Shade Structure,Park Facilities - Public Use,160 John St. N,225,2016-05-02,2017,22976.25,0,0,Audit
330,Memorial Park - Bocce Building,Park Facilities - Public Use,87 Glen Cannon Dr.,560,2014-01-02,2019,113440.6,0,0,Audit
331,MILLGROVE COMMUNITY CENTRE,Community Centres,855 MILLGROVE SIDE ROAD,4811,1986-01-02,2022,2770478.34,121325.93,0.04379241239619293,Audit
332,Millgrove Park - Pavilion / Concession,Park Facilities - Public Use,857 Millgrove Side Rd,1680,1974-01-02,2019,156725.35,1062.53,0.006779566930301958,Audit
333,Millgrove Park - Small Storage / Washroom Between The Diamonds,Park Facilities - Public Use,857 Millgrove Side Rd,280,1974-01-02,2019,34873.33,24673.97,0.7075312280186606,Audit
334,Millgrove Park - Washrooms,Park Facilities - Public Use,857 Millgrove Side Rd,436,1974-01-02,2019,88321.61,50039.42,0.5665591920255982,Audit
335,MOHAWK 4 ICE CENTRE,Arenas,710 MOUNTAIN BROW BOULEVARD ,136000,2005-01-01,2015,66922036.8,3133534.67,0.04682365958712124,Audit
336,Mohawk Sports Park - Baseball Dugout Structure First Base Line,Park Facilities - Public Use,1100 Mohawk Rd E,212,1985-01-02,2021,19777.25,0,0,Audit
337,Mohawk Sports Park - Baseball Dugout Structure Third Base Line,Park Facilities - Public Use,"1100 Mohawk Rd E, Hamilton, ON",212,1985-01-02,2021,19777.25,0,0,Audit
338,MOHAWK SPORTS PARK - BERNIE ARBOUR STADIUM,Park Facilities - Public Use,685 UPPER KENILWORTH AVENUE,5095,1982-01-02,2021,1032106.89,7261.01,0.007035133735033975,Audit
339,Mohawk Sports Park - Small Storage Structure Adjacent To Scorer's Booth,Park Facilities - Maintenance & Storage,1100 Mohawk Rd E,143,1982-01-02,2017,28967.87,23708.26,0.818432974188299,Audit
340,Mohawk Sports Park - Small Structure Next To Rugby Building,Park Facilities - Maintenance & Storage,1100 Mohawk Rd E,158,1968-01-02,2017,19678.52,3519.63,0.17885643839069199,Audit
341,Mohawk Sports Park - Soccer Field House Building / Storage For Parks,Park Facilities - Maintenance & Storage,805 UPPER KENILWORTH AVENUE,8000,1991-01-02,2021,2341992,138441.14,0.059112558881499175,Audit
342,Mohawk Sports Park - Storage - Most Southerly Bldg Between 2 Ball Diamonds,Park Facilities - Maintenance & Storage,1100 Mohawk Rd E,243,1982-01-02,2017,30265.07,2111.78,0.06977614788269118,Audit
343,Mohawk Sports Park - Storage / Office Space,Park Facilities - Maintenance & Storage,1100 Mohawk Rd E,1565,1982-01-02,2021,317025.96,11947.660000000002,0.037686692913097716,Audit
344,MOHAWK SPORTS PARK B - RUGBY CLUBHOUSE,Park Facilities - Public Use,699 UPPER KENILWORTH AVENUE,2784,1993-01-02,2021,563961.84,39077.41,0.0692908761344562,Audit
345,MOHAWK SPORTS PARK C - PARKS UTILITY BUILDING,Park Facilities - Maintenance & Storage,805 UPPER KENILWORTH AVENUE,1711,1991-01-02,2021,346601.55,16106.24,0.04646903627522728,Audit
346,MOHAWK SPORTS PARK D - RAY LEWIS TRACK & FIELD CENTRE,Park Facilities - Public Use,805 UPPER KENILWORTH AVENUE,6545,1982-01-02,2021,1325837.01,37308.39,0.02813949959052659,Audit
347,Montgomery Park - Pavilion,Park Facilities - Public Use,1570 Main St. E.,336,1964-01-02,2017,31345.07,0,0,Audit
348,Montgomery Park - Pavilion - Sun Shelter Part Of Play Equipment,Park Facilities - Public Use,1570 Main St. E.,381,1964-01-02,2021,35543.07,400.75,0.011275053055349468,Audit
349,Montgomery Park - Washroom / Storage / Concession,Park Facilities - Public Use,1570 Main St. E.,2788,1964-01-02,2021,564772.13,0,0,Audit
350,MORGAN FIRESTONE ARENA & ROTARY CENTRE,Arenas,385 JERSEYVILLE ROAD WEST,92570,1996-01-02,2021,42363299.72,1220510.99,0.0288105742014187,Audit
351,MOUNT HAMILTON CEMETERY,Cemeteries,244 RYMAL ROAD EAST,355,1978-01-01,2009,144984.24,365181.27,2.5187652809712286,Audit
352,MOUNT HOPE COMMUNITY YOUTH CENTRE,Community Centres,3027 HOMESTEAD DRIVE,6035,1964-01-02,2022,3743686.72,276125,0.073757507145256,Audit
353,MOUNT HOPE LIBRARY,Libraries,3027 HOMESTEAD DRIVE,6015,1908-01-02,2021,4626780.71,239514.51,0.0517669898385999,Audit
355,MOUNT HOPE YARD - MAIN BUILDING (F),Work Yards & Maintenance,7098 AIRPORT ROAD,5539,1969-01-02,2018,2262162.5,595511.77,0.2632488912710736,Audit
356,MOUNT HOPE YARD - SALT / SAND STORAGE,Work Yards & Maintenance,7098 AIRPORT ROAD,2580,2004-01-02,2018,755292.42,176410.12,0.23356532559932217,Audit
357,MOUNT HOPE YARD - SMALL STORAGE BUILDING,Work Yards & Maintenance,7098 AIRPORT ROAD,130,1969-01-01,2018,26334.43,4928.13,0.18713638381388928,Audit
358,Mount Lions Park - Sun Shelter Pavilion,Park Facilities - Public Use,450 Queen Victoria Dr.,380,2002-01-02,2021,76977.55,0,0,Audit
360,Mountain Drive Park - Washrooms / Storage,Park Facilities - Public Use,935 Concession St.,2152,1968-01-02,2021,435936.02,14999.5,0.034407572010222966,Audit
361,MOUNTSBERG HALL,Community Centres,2133 CENTRE ROAD,1432,1944-01-02,2022,907398.54,443567.01,0.48883372679881104,Audit
362,MOUNTVIEW GARDENS - CEMETERY,Cemeteries,735 HIGHWAY 8,1355,1985-01-02,2009,274485.74,599.4,0.0021837199994433226,Audit
363,Mountview Park - Storage / Pavilion,Park Facilities - Public Use,115 San Antonio Dr.,557,1990-01-01,2021,112832.88,0,0,Audit
364,MTC - MOUNTAIN TRANSIT CENTRE (F),Transit Facilities,2200 UPPER JAMES STREET,283917,1983-01-01,2021,89862881.98,2831136.6200000006,0.03150507259081788,Audit
365,Myrtle Park - Pavilion/Storage,Park Facilities - Public Use,13 Delaware Ave.,1160,1969-01-02,2021,234984.1,4007.5000000000005,0.017054345379112885,Audit
366,NORMAN PINKY LEWIS RECREATION CENTRE (P),Indoor Pools,192 WENTWORTH STREET NORTH,35074,1985-01-02,2014,25232575.82,1759969.41,0.06974989087737139,Audit
367,OLYMPIC WESTOBY ARENA,Arenas,70 OLYMPIC DRIVE,27086,1982-01-02,2021,15848538.65,279879.19,0.017659621254733162,Audit
368,OPTIMIST YOUTH CENTRE,Community Centres,237 MANITOU WAY,3819,1969-01-02,2022,2419940.67,127309.29,0.052608434404302976,Audit
369,PARKDALE OUTDOOR POOL,Outdoor Pools,1770 MAIN STREET EAST,4700,1965-01-02,2009,1385078.72,102867.09000000001,0.07426804593460219,Audit
370,PARKING OPERATIONS - CAR PARK 37,Administration Facilities,80 MAIN STREET WEST,254780,1982-01-02,2022,60237457.05,1794500,0.02979043418965177,Audit
371,PAT QUINN PARKDALE ARENA,Arenas,1770 MAIN STREET EAST,34018,1999-01-02,2015,19904584.95,6304757.740000001,0.3167490181703086,Audit
373,Pier 4 Park - Gartshore Thomson Bldg (Heritage),Park Facilities - Public Use,Leander Dr,1975,1870-01-01,2021,578179.28,22373.3,0.038696128993069415,Audit
374,Pier 4 Park - Pavilion/Sun Shelter At Water's Edge,Park Facilities - Public Use,Leander Dr,795,2014-01-02,2021,74164.68,0,0,Audit
375,Powell Park - Sun Shelter,Park Facilities - Public Use,53 Birch Ave.,380,1985-01-02,2021,35449.78,0,0,Audit
376,"Powell Park - Washrooms, Small Meeting Space, Storage",Park Facilities - Public Use,53 Birch Ave.,4305,1968-01-02,2021,872074.61,52337.95,0.060015449824872204,Audit
377,PROVINCIAL OFFENCES ADMINISTRATION,Administration Facilities,50 MAIN STREET EAST,109188,1961-01-02,2020,66200313.16,246280.46,0.003720231041879863,Audit
378,R.L. HYSLOP SCHOOL,Administration Facilities,20 Lake Avenue South,25000,1978-01-03,2021,11253462.5,1048726.55,0.09319145551869036,Audit
379,RED HILL FAMILY CENTRE,Administration Facilities,25 MOUNT ALBION ROAD,16084,1919-01-02,2020,7240027.63,405753.85,0.056043135570188425,Audit
380,Richwill Park - Sun Shelter,Park Facilities - Public Use,27 Richwill Rd.,354,2008-01-01,2021,33024.27,0,0,Audit
381,ROCKTON REGIONAL YARD - MAIN BUILDING (F),Work Yards & Maintenance,810 WOODHILL ROAD,7176,1984-01-02,2018,2930723.61,937463.02,0.31987425112394,Audit
382,ROCKTON REGIONAL YARD - SALT STORAGE,Work Yards & Maintenance,810 WOODHILL ROAD,6555,1971-01-02,2019,1918969.7,431881.26,0.22505892615188244,Audit
383,ROSEDALE ARENA,Arenas,100 GREENHILL AVENUE,38074,1977-01-02,2021,25875566.33,142051.88,0.005489807573228099,Audit
384,Rosedale Lawn Bowling - Clubhouse,Park Facilities - Public Use,50 Lawrence Rd,3757,1934-01-02,2021,722681.49,13740,0.019012525144375843,Audit
385,ROSEDALE OUTDOOR POOL,Outdoor Pools,30 GREENHILL AVENUE,596,2014-06-01,2018,3964552.03,1013.63,0.0002556732746423308,Audit
386,ROSEDALE PARK - BOCCE / BASEBALL FIELDHOUSE & PAVILION,Park Facilities - Public Use,100 GREENHILL AVENUE,5489,2014-01-02,2021,1055842.08,0,0,Audit
387,ROSEDALE PARK - SMALL BUILDING NEXT TO BOCCE,Park Facilities - Maintenance & Storage,100 GREENHILL AVENUE,210,2014-01-01,2021,26155,0,0,Audit
388,Rosedale Park - Utility Bldg For Cso Tank (Hamilton Water),Park Facilities - Maintenance & Storage,60 Greenhill Ave.,990,1985-01-02,2017,200546.78,1126.25,0.005615896700011838,Audit
389,Rosedale Park - Utility Bldg For New Cso Tank Behind Arena (Hamilton Water),Park Facilities - Maintenance & Storage,60 Greenhill Ave.,879,2014-01-02,2017,178061.23,563.13,0.0031625637989808335,Audit
390,Rosedale Tennis Club Bubble Structure,Park Facilities - Public Use,42 Lawrence Rd,23065,2002-01-02,2018,4968217.15,560313.82,0.11277965577651933,Audit
391,Rosedale Tennis Club House,Park Facilities - Public Use,42 Lawrence Rd,2210,1977-01-02,2021,1400384.62,166844.82,0.11914213967874054,Audit
392,Roxborough Park - Washroom / Storage / Concession,Park Facilities - Public Use,70 Reid Ave. N.,1184,1985-01-02,2021,239845.84,10591.25,0.04415857285663158,Audit
393,Sackville Hill Memorial Park - Bocce Sun Shelter,Park Facilities - Public Use,780 Upper Wentworth St,105,2002-01-02,2017,9795.33,0,0,Audit
394,Sackville Hill Memorial Park - Bocci Storage Shed,Park Facilities - Public Use,780 Upper Wentworth St,150,1996-01-02,2017,18682.14,0,0,Audit
395,Sackville Hill Memorial Park - Changeroom / Washrooms / Parks Staff Area,Park Facilities - Public Use,780 Upper Wentworth St,4000,2011-01-02,2021,810290,2061,0.002543533796541979,Audit
396,Sackville Hill Memorial Park - Garbage Storage,Park Facilities - Maintenance & Storage,780 Upper Wentworth St,400,1996-01-02,2017,37315.56,1717.5,0.04602637612834968,Audit
397,Sackville Hill Memorial Park - Storage Garage Used By Parks,Park Facilities - Maintenance & Storage,780 Upper Wentworth St,500,1962-01-02,2021,101286.25,18320,0.18087351442076294,Audit
398,SACKVILLE HILL SENIORS CENTRE,Senior Centres,780 UPPER WENTWORTH STREET,24452,1996-01-02,2018,10815870.28,1127156.11,0.10421316831843513,Audit
399,SALTFLEET ARENA,Arenas,24 SHERWOOD PARK ROAD,24980,1964-01-02,2021,14616277.62,1593463.27,0.10901977312059294,Audit
400,SALTFLEET COMMUNITY CENTRE (ALLIANCE CHURCH),Administration Facilities,605 HIGHWAY 8,28991,1985-01-02,2022,17038512.24,1605583.5400000003,0.0942326135864548,Audit
401,Sam Lawrence Park - Pavilion,Park Facilities - Public Use,255 & 371 Concession St.,1675,1968-01-02,2021,156258.91,0,0,Audit
402,Sam Manson Park - Bocce Club,Park Facilities - Public Use,80 NASH ROAD NORTH,1700,2015-01-01,2021,327005.2,0,0,Audit
403,Sam Manson Park - Sun Shelter,Park Facilities - Public Use,80 Nash Rd North,405,2013-01-01,,37782,0,0,Model
404,Sam Manson Park - Washroom / Storage Bldg,Park Facilities - Public Use,80 Nash Rd. N.,3250,1979-01-02,2021,658360.63,113355,0.17217767107367887,Audit
405,SANCTUARY PARK - WASHROOMS,Park Facilities - Public Use,27 SANCTUARY DRIVE,700,1978-01-02,2017,141800.75,37975.46,0.2678085976273045,Audit
406,SEALY PARK SCOUT HALL,Community Centres,115 MAIN STREET SOUTH,3016,1855-01-01,2011,610958.66,208712.67,0.34161504478879146,Audit
407,Shamrock Park - Storage,Park Facilities - Maintenance & Storage,101 Walnut St. S,156,1980-01-02,2021,31601.31,0,0,Audit
408,Shawinigan Park - Storage And Sunshelter,Park Facilities - Public Use,1 Guildwood Dr.,684,1990-01-01,2017,138559.59,0,0,Audit
409,Sheffield Ball Park - Concession / Shelter,Park Facilities - Public Use,1227 Sheffield Rd.,1161,1987-01-02,2021,235186.67,17827.65,0.07580212773113375,Audit
410,Sheffield Ball Park - Pavilion,Park Facilities - Public Use,1227 Sheffield Rd.,580,1987-01-02,2021,54107.56,0,0,Audit
411,SHEFFIELD COMMUNITY HALL,Community Centres,2339 5TH CONCESSION ROAD WEST,4267,1877-01-01,2022,2703819.54,169927.97,0.0628473784903559,Audit
413,SIR ALLAN MACNAB RECREATION CENTRE (P),Indoor Pools,145 MAGNOLIA DRIVE,20871,1987-01-02,2018,17690770.94,1003535.98,0.056726526130692186,Audit
414,SIR WILFRID LAURIER RECREATION CENTRE (P),Indoor Pools,60 ALBRIGHT ROAD,16617,1981-01-02,2018,14084976.32,635953.4,0.045151187020242005,Audit
415,SIR WINSTON CHURCHILL RECREATION CENTRE (P),Indoor Pools,1709 MAIN STREET EAST,12414,1970-01-02,2018,10522410.54,525384.38,0.049930040079960616,Audit
416,SPRING VALLEY ARENA,Arenas,29 ORCHARD DRIVE,29628,1974-01-02,2015,17335911.66,3847363.87,0.2219302881473036,Audit
417,St. Christopher's Park - Storage With Sunshelter,Park Facilities - Public Use,48 Holly Ave.,652,2002-01-02,2020,132077.27,462.06,0.0034984066524088517,Audit
418,STONEY CREEK ARENA,Arenas,37 KING STREET WEST,28278,1973-01-02,2021,16546000.74,1012515.83,0.061193991582040745,Audit
419,STONEY CREEK CITY HALL (L & MSC),Libraries,777 HIGHWAY 8,63432,1995-01-02,2022,37133314.81,241978.37,0.0065164764104182595,Audit
420,STONEY CREEK CIVIC OPERATIONS CENTRE - MAIN BUILDING (F),Work Yards & Maintenance,349 JONES ROAD,44186,1999-01-02,2018,14063687.99,2140920.49,0.15223037453065683,Audit
421,STONEY CREEK CIVIC OPERATIONS CENTRE - SALT STORAGE,Work Yards & Maintenance,349 JONES ROAD,7200,2016-01-02,2018,2107792.8,0,0,Audit
422,STONEY CREEK CIVIC OPERATIONS CENTRE - SAND STORAGE,Work Yards & Maintenance,349 JONES ROAD,12696,1971-01-02,2019,3716741.3,522394.81000000006,0.14055183501741164,Audit
423,STONEY CREEK RECREATION CENTRE (P),Indoor Pools,45 KING STREET WEST,27992,2016-01-02,2018,20137716.32,1689.4200000000003,8.38933259935802e-05,Audit
424,STONEY CREEK STORAGE BUILDING & WORKSHOP (H),Park Facilities - Maintenance & Storage,77 KING STREET WEST,875,1977-01-02,2019,357355.51,98287.57999999999,0.2750414566155703,Audit
425,Stoney Creek Tennis Club House,Park Facilities - Public Use,880 Queenston Rd.,2274,1987-01-02,2019,460649.87,46621.45,0.10120799556504813,Audit
426,Strabane Community Park - Pavilion,Park Facilities - Public Use,1315 Brock Rd. (Brock & 7th Concession),880,1971-01-02,,82094.23,0,0,Audit
427,Strabane Community Park - Washroom / Concession / Storage,Park Facilities - Public Use,1315 Brock Rd. (Brock & 7th Concession),900,1971-01-02,,182315.25,58808.93,0.3225672564417952,Audit
428,T.B. Mcquesten Park - Storage / Washroom / Utility,Park Facilities - Public Use,1199 Upper Wentworth St.,4336,2002-01-02,,878354.36,21943.64,0.024982673280064323,Audit
429,TAPLEYTOWN YARD - SALT STORAGE,Work Yards & Maintenance,119 TAPLEYTOWN ROAD,7018,2006-01-02,2019,2054512.48,570410.34,0.27763780729139204,Audit
430,TAPLEYTOWN YARD - SAND STORAGE,Work Yards & Maintenance,119 TAPLEYTOWN ROAD,1052,1982-01-02,2018,213106.27,29918.990000000005,0.14039469603592614,Audit
431,Templemead Park - Storage,Park Facilities - Maintenance & Storage,30 Independence Dr.,138,1968-01-02,,17187.57,12475.73,0.7258576983250105,Audit
432,Templemead Park - Sunshelter,Park Facilities - Public Use,30 Independence Dr.,560,2002-01-02,,52241.78,2217.91,0.04245471727801005,Audit
433,TERRYBERRY LIBRARY,Libraries,100 MOHAWK ROAD WEST,28108,1995-01-02,2015,18808532.85,2882228.14,0.1532404554350979,Audit
434,THE OPTIMIST CLUB OF STONEY CREEK,Community Centres,830 Queenston Rd.,4998,1964-01-02,2022,1012457.36,55334.94,0.05465409427217755,Audit
435,TIM HORTONS FIELD,Entertainment Facilities,64 MELROSE AVENUE NORTH,327148,2014-09-02,2020,183266150.42,6029542.25,0.032900468723666663,Audit
436,Tower Park - Storage,Park Facilities - Maintenance & Storage,46 Woodend Dr.,140,1979-01-02,2013,28360.15,1680.77,0.05926520134766565,Audit
437,TRAFFIC OPERATIONS CENTRE (F),Work Yards & Maintenance,1375 UPPER OTTAWA STREET,52017,1995-01-02,2019,16556168.42,1695504.33,0.10240922216953384,Audit
438,Trenholme - Splashpad Equipment Building,Park Facilities - Maintenance & Storage,135 Trenholme Cres.,50,2012-01-02,,10128.63,0,0,Audit
439,Trenholme Park - Bocci Storage Shed,Park Facilities - Public Use,135 Trenholme Cres.,302,1968-01-02,,37613.38,0,0,Audit
440,TRENHOLME PARK - PAVILION,Park Facilities - Public Use,135 TRENHOLME CRESCENT,394,1985-01-02,,36755.83,0,0,Audit
441,TRENHOLME PARK - WASHROOMS,Park Facilities - Public Use,135 TRENHOLME CRESCENT,852,2017-01-01,2017,172591.77,0,0,Audit
442,Trieste Bocce Club - Bocce Court,Park Facilities - Public Use,60 Dicenzo Dr.,3500,2009-01-02,2020,709003.75,0,0,Audit
443,Trieste Bocce Club - Clubhouse,Park Facilities - Public Use,60 Dicenzo Dr.,1000,2009-01-02,2020,202572.5,16354.450000000003,0.08073381135149145,Audit
444,TURNER PARK - WASHROOMS (DIAMOND 3),Park Facilities - Public Use,352 RYMAL ROAD EAST,750,2018-06-19,,219561.75,0,0,Model
445,"TURNER PARK - WASHROOMS (DIAMONDS 5,6,7,8)",Park Facilities - Public Use,344 RYMAL ROAD ,1500,2018-06-19,,439123.5,0,0,Model
446,TURNER PARK LIBRARY,Libraries,352 RYMAL ROAD EAST ,77788,2009-01-02,2021,51606760.6,666044.55,0.01290614916061986,Audit
447,UPPER OTTAWA - SALT STORAGE,Work Yards & Maintenance,1199 UPPER OTTAWA STREET,11187,2005-01-02,2019,3274983.06,151457.95,0.04624694150326384,Audit
448,VALENS COMMUNITY HALL,Community Centres,1818 VALENS ROAD,3180,1959-01-02,2022,1831245.29,68027.28,0.03714809827579133,Audit
449,VALENS PARK - PAVILION,Park Facilities - Public Use,1818 VALENS ROAD,1230,1955-01-01,,114745.35,0,0,Audit
450,Valley Community Park - Pavilion,Park Facilities - Public Use,287 Old Guelph Rd.,500,2020-12-15,,46644.45,0,0,Model
451,Valley Park - Pavilion,Park Facilities - Public Use,970 Paramount Dr.,1644,1986-01-02,,153366.95,0,0,Audit
452,Valley Park - Tennis Club House,Park Facilities - Public Use,970 Paramount Dr.,1741,1986-01-02,2020,352678.72,0,0,Audit
453,Valley Park - Washroom / Changeroom,Park Facilities - Public Use,970 Paramount Dr.,1075,1986-01-02,,217765.44,30896.86,0.14188137474890414,Audit
454,VALLEY PARK AQUATIC CENTRE (P),Indoor Pools,970 PARAMOUNT DRIVE,22752,1990-01-02,2018,19285152.62,439296.84,0.02277901806929024,Audit
455,VALLEY PARK ARENA,Arenas,970 PARAMOUNT DRIVE,35587,1985-01-02,2015,20822636.97,2250716.02,0.10808986504652106,Audit
456,VALLEY PARK COMMUNITY CENTRE,Community Centres,970 PARAMOUNT DRIVE,12609,1985-01-02,2015,7410527.44,3059129.64,0.41280862459096435,Audit
457,VALLEY PARK LIBRARY,Libraries,970 PARAMOUNT DRIVE,2976,1985-01-02,2015,2289160.33,808952.97,0.35338414675393226,Audit
458,Veevers Park - Sunshelter With Storage Bldg,Park Facilities - Public Use,688 Greenhill Ave.,671,2002-01-02,,135926.15,0,0,Audit
459,Veterans Park - Storage / Concession,Park Facilities - Public Use,105 Huntingwood Ave,1205,1985-01-02,,244099.86,12911.03,0.05289241050773237,Audit
460,VICTORIA OUTDOOR POOL,Outdoor Pools,100 STRATHCONA AVENUE NORTH,7470,1978-01-02,2018,2201391.07,369908.97,0.1680341921256181,Audit
461,Victoria Park - Washroom / Concession At South End Of Park,Park Facilities - Public Use,500 King St. W.,1982,1984-01-02,,401498.7,35466.74,0.08833587755078658,Audit
462,VILLAGE GREEN PARK - LAWN BOWLING CLUB HOUSE,Park Facilities - Public Use,291 LODOR STREET,1243,1968-01-02,2018,251797.62,0,0,Audit
463,Village Green Park - Small Storage Structure East Of Club House,Park Facilities - Maintenance & Storage,291 Lodor St.,118,2002-01-02,2018,14696.62,1353.18,0.09207423203430448,Audit
464,VILLAGE GREEN PARK - TENNIS CLUB HOUSE,Park Facilities - Public Use,291 LODOR STREET,1073,2014-01-02,2018,217360.29,0,0,Audit
465,WALKER OUTDOOR POOL,Outdoor Pools,60 DICENZO DRIVE,10764,2009-01-02,2018,3172124.97,50115.42,0.015798690301914553,Audit
466,"WATERDOWN CIVIC CENTRE (L, MSC & SC)",Libraries,163 DUNDAS STREET EAST,23500,2015-08-03,,15902205.6,0,0,Model
467,WATERDOWN MEMORIAL HALL (H),Community Centres,317 DUNDAS STREET EAST,7015,1926-01-02,2020,4445112.27,129364.91,0.029102731751699945,Audit
468,Waterdown Memorial Park - Picnic Pavilion,Park Facilities - Public Use,200 Hamilton St. N.,1342,1985-01-02,,125193.7,0,0,Audit
469,Waterdown Memorial Park - Storage Shed,Park Facilities - Maintenance & Storage,200 Hamilton St. N.,88,1954-01-02,,10960.19,0,0,Audit
470,Waterdown Memorial Park - Washroom / Storage / Utility For Spray Pad,Park Facilities - Public Use,200 Hamilton St. N.,1610,2014-01-02,,326141.73,5183.249999999999,0.015892630483072497,Audit
471,WENTWORTH LODGE,Lodges,41 SOUTH STREET WEST,111092,1965-01-02,2020,79289293.23,816311.56,0.010295356746743447,Audit
472,WENTWORTH STREET OPERATIONS CENTRE (F),Transit Facilities,330 WENTWORTH STREET NORTH,263488,1988-01-01,2018,93508597.6,19013328.39,0.2033324087623789,Audit
473,WENTWORTH STREET OPERATIONS CENTRE - SALT / SAND STORAGE,Work Yards & Maintenance,330 WENTWORTH STREET NORTH,11263,2004-01-02,2019,656886.32,8033.04,0.01222896527971537,Audit
474,WENTWORTH STREET SALT MANAGEMENT FACILITY,Work Yards & Maintenance,350 WENTWORTH STREET NORTH,12000,2023-09-27,,7000000,0,0,Audit
475,WESTDALE LIBRARY,Libraries,955 KING STREET WEST,10276,1993-01-02,2015,7904372.16,546174.69,0.06909779536493889,Audit
476,WESTMOUNT RECREATION CENTRE (P),Indoor Pools,35 LYNBROOK DRIVE,36813,2016-01-02,2018,26483629.29,0,0,Audit
477,William Connell Park - Field House,Park Facilities - Maintenance & Storage,1086 West 5th Street,1160,2020-11-10,,234984.1,0,0,Model
478,William Connell Park - Storage Building,Park Facilities - Maintenance & Storage,1086 West 5th Street,1250,2018-08-18,,253215.63,0,0,Model
479,William Connell Park - Washrooms,Park Facilities - Public Use,1086 West 5th Street,1700,2018-08-17,,344373.25,0,0,Model
480,William McCulloch - Pavilion,Park Facilities - Public Use,200 Bonaventure Dr.,365,2011-01-02,,34050.45,0,0,Audit
481,William McCulloch Park - Change / Washroom,Park Facilities - Public Use,200 Bonaventure Dr.,372,1998-01-02,,75356.97,672.45,0.00892352757813909,Audit
482,WILLIAM MCCULLOUCH PARK - STORAGE,Park Facilities - Maintenance & Storage,200 BONAVENTURE DRIVE,224,1998-01-02,,27898.66,6724.71,0.2410406091188609,Audit
483,WILLIAM SCHWENGER PARK - WASHROOMS,Park Facilities - Public Use,86 CLAUDETTE GATE,852,2017-11-20,,106114.56,0,0,Model
485,WINONA COMMUNITY CENTRE,Community Centres,255 WINONA ROAD,33480,1960-01-02,,19553096.74,1489408.02,0.07617248765271542,Model
486,Winona Park - Picnic Pavilion In Woods Area,Park Facilities - Public Use,1328 Barton St. E.,1723,2002-01-02,,160736.77,0,0,Audit
487,Winona Park - Storage,Park Facilities - Maintenance & Storage,1328 Barton St. E.,630,1968-01-02,,127620.68,0,0,Audit
488,WINONA SCOUT HALL,Park Facilities - Public Use,1328 BARTON STREET ,2142,1973-01-02,,433910.3,25691.28,0.05920873507727288,Audit
489,WINONA SENIORS CLUB,Senior Centres,1239 HIGHWAY 8,3911,1986-01-02,2018,2478237.22,479817.32,0.1936123451491056,Audit
490,WOODBURN / CENTENNIAL HALL (H),Community Centres,1062 GOLF CLUB ROAD,2520,1898-01-01,2022,1596818.66,135013.94,0.08455183007443062,Audit
491,WOODBURN BALL PARK (EDWARDS MEMORIAL PARK) CONCESSION,Park Facilities - Public Use,1040 GOLF CLUB ROAD,1120,1976-01-02,,226881.2,18984.24,0.08367480425879271,Audit
492,WOODLAND CEMETERY (F),Cemeteries,700 SPRING GARDENS ROAD,6616,1985-01-02,2019,1272627.3,422120.41,0.33169209084230705,Audit
493,WOODLAND CEMETERY BACK SHOP,Cemeteries,700 SPRING GARDENS ROAD,600,1925-05-25,,74728.56,0,0,Audit
494,WOODLAND CEMETERY EQUIPMENT STORAGE,Cemeteries,700 SPRING GARDENS ROAD,1200,1923-04-02,,243087,33251.31,0.13678769329499313,Audit
495,WOODLAND CEMETERY SOIL STORAGE,Cemeteries,700 SPRING GARDENS ROAD,600,2021-11-08,,48982.8,0,0,Audit
496,Woodlands Park - Concession / Washrooms,Park Facilities - Public Use,501 Barton St. E.,2495,1966-01-02,2020,505418.39,6724.7,0.013305214319566014,Audit
497,Woodward Park - Washroom / Sun Shelter,Park Facilities - Public Use,589 Woodward Ave.,667,1999-01-02,,135115.86,0,0,Audit
498,WOOLVERTON PARK - PAVILION,Park Facilities - Public Use,90 CHARLTON AVENUE EAST,366,2014-01-02,,34143.74,122.22,0.0035795727123039247,Audit
